,missing_n,missing_pct
icsa,0,0.0
log_icsa,0,0.0
icsa_pct_chg_1w,1,0.07
icsa_spike,0,0.0
oil_mean,4,0.27
oil_close,4,0.27
oil_n_days,1,0.07
oil_vol_w,18,1.2
oil_vol_4w,6,0.4
oil_log_mean,4,0.27
oil_pct_1w,8,0.53
oil_pct_lag1,9,0.6
oil_pct_lag2,10,0.67
oil_pct_lag3,11,0.73
oil_pct_lag4,12,0.8
oil_pct_lag5,13,0.87
oil_pct_lag6,14,0.93
oil_pct_lag7,15,1.0
oil_pct_lag8,16,1.07
oil_pct_lag9,17,1.13
oil_pct_lag10,18,1.2
oil_pct_lag11,19,1.27
oil_pct_lag12,20,1.33
oil_pct_lag13,21,1.4
oil_pct_lag14,22,1.47
oil_pct_lag15,23,1.53
oil_pct_lag16,24,1.6
gas_mean,121,8.07
gas_close,121,8.07
gas_n_days,1,0.07
gas_vol_w,288,19.2
gas_vol_4w,126,8.4
gas_log_mean,121,8.07
gas_pct_1w,203,13.53
gas_pct_lag1,204,13.6
gas_pct_lag2,205,13.67
gas_pct_lag3,206,13.73
gas_pct_lag4,207,13.8
gas_pct_lag5,208,13.87
gas_pct_lag6,209,13.93
gas_pct_lag7,210,14.0
gas_pct_lag8,211,14.07
gas_pct_lag9,212,14.13
gas_pct_lag10,213,14.2
gas_pct_lag11,214,14.27
gas_pct_lag12,215,14.33
gas_pct_lag13,216,14.4
gas_pct_lag14,217,14.47
gas_pct_lag15,218,14.53
gas_pct_lag16,219,14.6
copper_mean,139,9.27
copper_close,139,9.27
copper_n_days,139,9.27
copper_vol_w,139,9.27
copper_vol_4w,141,9.4
copper_log_mean,139,9.27
copper_pct_1w,140,9.33
copper_pct_lag1,141,9.4
copper_pct_lag2,142,9.47
copper_pct_lag3,143,9.53
copper_pct_lag4,144,9.6
copper_pct_lag5,145,9.67
copper_pct_lag6,146,9.73
copper_pct_lag7,147,9.8
copper_pct_lag8,148,9.87
copper_pct_lag9,149,9.93
copper_pct_lag10,150,10.0
copper_pct_lag11,151,10.07
copper_pct_lag12,152,10.13
copper_pct_lag13,153,10.2
copper_pct_lag14,154,10.27
copper_pct_lag15,155,10.33
copper_pct_lag16,156,10.4
iron_mean,667,44.47
iron_close,667,44.47
iron_n_days,667,44.47
iron_vol_w,670,44.67
iron_vol_4w,669,44.6
iron_log_mean,667,44.47
iron_pct_1w,668,44.53
iron_pct_lag1,669,44.6
iron_pct_lag2,670,44.67
iron_pct_lag3,671,44.73
iron_pct_lag4,672,44.8
iron_pct_lag5,673,44.87
iron_pct_lag6,674,44.93
iron_pct_lag7,675,45.0
iron_pct_lag8,676,45.07
iron_pct_lag9,677,45.13
iron_pct_lag10,678,45.2
iron_pct_lag11,679,45.27
iron_pct_lag12,680,45.33
iron_pct_lag13,681,45.4
iron_pct_lag14,682,45.47
iron_pct_lag15,683,45.53
iron_pct_lag16,684,45.6
usrec,0,0.0
q2,0,0.0
q3,0,0.0
q4,0,0.0
covid_period,0,0.0
copper_avail,0,0.0
iron_avail,0,0.0
icsa_z,0,0.0
icsa_mm,0,0.0
log_icsa_z,0,0.0
log_icsa_mm,0,0.0
oil_mean_z,4,0.27
oil_mean_mm,4,0.27
gas_mean_z,121,8.07
gas_mean_mm,121,8.07
copper_mean_z,139,9.27
copper_mean_mm,139,9.27
iron_mean_z,667,44.47
iron_mean_mm,667,44.47
