,,icsa,log_icsa,oil_mean,gas_mean,copper_mean,iron_mean
raw,mean,361644.667,12.689,61.12,4.061,6462.296,106.807
raw,std,330652.025,0.382,26.925,2.152,2823.633,36.174
raw,min,189000.0,12.15,3.324,1.4,1359.148,38.73
raw,max,6137000.0,15.63,142.518,14.82,14787.709,218.396
z,mean,-0.0,-0.0,-0.0,-0.0,-0.0,-0.0
z,std,1.0,1.0,1.0,1.0,1.0,1.0
z,min,-0.522,-1.413,-2.147,-1.237,-1.807,-1.882
z,max,17.467,7.708,3.023,5.0,2.948,3.085
minmax,mean,0.029,0.155,0.415,0.198,0.38,0.379
minmax,std,0.056,0.11,0.193,0.16,0.21,0.201
minmax,min,0.0,0.0,0.0,0.0,0.0,0.0
minmax,max,1.0,1.0,1.0,1.0,1.0,1.0
