,unit,n,mean,median,SD,IQR,min,max,skewness
icsa,persons/wk,1500,361644.6666666667,315000.0,330652.0249133144,146000.0,189000.0,6137000.0,11.221009044221931
icsa_pct_chg_1w,%,1499,0.5853826391942679,-0.31055900621117516,25.555683688187216,5.1497776878874415,-20.66156102330129,967.3992673992674,36.20179147358653
oil_mean,USD/barrel,1496,61.11978910427808,61.342,26.92460086808699,41.165499999999994,3.3240000000000007,142.5175,0.11352195256751621
gas_mean,USD/MMBtu,1379,4.061016195310612,3.304,2.151991340423319,2.1423333333333336,1.4,14.82,1.7549153836666638
copper_mean,USD/tonne,1361,6462.295717751642,6763.77412215519,2823.6328788824976,3501.8183693141946,1359.1482215900419,14787.709159095763,0.014211099494954003
iron_mean,USD/tonne,833,106.8065012161328,104.71800079345704,36.17416124234498,50.62400054931642,38.73000030517578,218.3959991455078,0.4741321675397638
oil_pct_1w,%,1492,0.4243436611040569,0.43790187966232796,10.98813664327171,5.181598810310264,-83.47912524850894,372.6835138387484,25.819527780837554
gas_pct_1w,%,1297,0.7924080915892925,-0.08976660682227244,14.218734583542162,8.494250553629456,-76.54209445585217,300.56628914057296,9.176314291228227
copper_pct_1w,%,1360,0.19081251097345683,0.16145753954331932,2.886719092980087,3.209949411963317,-15.954986885917577,10.395003468523779,-0.3010677790522255
iron_pct_1w,%,832,0.01571119076355417,0.08334979533866083,3.5948147084825517,2.6217873385787738,-19.62736093417433,17.831193759553067,-0.5007100481966661
oil_vol_4w,log-ret SD,1494,0.02481116186779954,0.021763302333795205,0.0151752475207004,0.012376119664615305,0.006700386333687406,0.17618518481566295,4.286540621768006
gas_vol_4w,log-ret SD,1374,0.057645945244397236,0.0431656347405564,0.05275313853821666,0.04004166692899741,0.010494201751790987,0.46646270364378994,3.8235721615418146
copper_vol_4w,log-ret SD,1359,0.015640000575628126,0.013887008574720467,0.007198534545841694,0.007138625035759391,0.005993134788200501,0.06571841912231803,2.48996739961157
iron_vol_4w,log-ret SD,831,0.01374730434015461,0.010991816216379905,0.009079986518967147,0.010902896919188852,0.0009337206211617367,0.05379824779250791,1.3669766422097838
