,log_icsa,icsa_pct_chg_1w,oil_log_mean,gas_log_mean,copper_log_mean,iron_log_mean,oil_pct_1w,gas_pct_1w,copper_pct_1w,iron_pct_1w,oil_vol_4w,gas_vol_4w,copper_vol_4w,iron_vol_4w,usrec
log_icsa,1.0,0.15118172548951925,-0.20494021068258747,0.033231877748480486,-0.27676845743401385,0.28556560022267624,0.12081447010205199,0.005259566614570766,0.03969374208141152,0.0471202045193596,0.4256476121862703,-0.00821478173945966,0.17143604330224219,-0.021901329498692383,0.3402904179844976
icsa_pct_chg_1w,0.15118172548951925,1.0,-0.03775009875046484,-0.03559895717336512,-0.011506545185210052,-0.01616844583135274,-0.08223785121603557,-0.016015355661647718,-0.09713997851440365,0.002945118657931029,0.1555375092085313,-0.004656745636933259,0.020489800438608007,-0.018869647492867358,0.1025135373216081
oil_log_mean,-0.20494021068258747,-0.03775009875046484,1.0,0.3370803088576469,0.8171793411879986,0.5899589262505397,-0.017467132561155008,-0.008984512584652415,-0.025250412182050798,-0.07309362759164441,-0.407959906654017,-0.18544882976682547,0.08875879791403943,-0.122753320167118,-0.027613709237765318
gas_log_mean,0.033231877748480486,-0.03559895717336512,0.3370803088576469,1.0,-0.11666640496190657,0.29246593864111337,-0.03266378263972483,0.15272027374425295,-0.0015851071307823842,-0.07863151883355556,-0.10753866243288322,0.10054269499572208,0.2766161511751941,0.022356923806488065,0.21822827950887838
copper_log_mean,-0.27676845743401385,-0.011506545185210052,0.8171793411879986,-0.11666640496190657,1.0,0.6374845031438272,0.004794037409448121,0.01608042180661822,0.02192582308340896,-0.00016910340647670227,-0.2427755395677257,-0.12404835377102208,0.09642830200938084,-0.18697515946833146,-0.20970461666949108
iron_log_mean,0.28556560022267624,-0.01616844583135274,0.5899589262505397,0.29246593864111337,0.6374845031438272,1.0,0.0030231306206098666,0.03532166606986786,0.014157572947912441,0.042138579225708656,-0.1520420583323203,0.09819614376020998,0.1406846946750923,-0.18452391373060348,-0.04231826067861605
oil_pct_1w,0.12081447010205199,-0.08223785121603557,-0.017467132561155008,-0.03266378263972483,0.004794037409448121,0.0030231306206098666,1.0,0.014429687508677125,0.14523308714736347,0.030457746062116913,0.1629126970562546,0.006655483598285746,-0.019298629345488743,-0.03327859854919604,-0.05732262799518873
gas_pct_1w,0.005259566614570766,-0.016015355661647718,-0.008984512584652415,0.15272027374425295,0.01608042180661822,0.03532166606986786,0.014429687508677125,1.0,0.040340421353347096,0.00564166376761112,-0.031035623842717398,0.10991381262993938,-0.007705636686018106,-0.005515550624887047,-0.038416057229364135
copper_pct_1w,0.03969374208141152,-0.09713997851440365,-0.025250412182050798,-0.0015851071307823842,0.02192582308340896,0.014157572947912441,0.14523308714736347,0.040340421353347096,1.0,0.2256130230607179,-0.026693725826195235,0.05463938209549635,-0.08338615180565513,0.03580767165721132,-0.06126558428265099
iron_pct_1w,0.0471202045193596,0.002945118657931029,-0.07309362759164441,-0.07863151883355556,-0.00016910340647670227,0.042138579225708656,0.030457746062116913,0.00564166376761112,0.2256130230607179,1.0,0.004417439049051889,0.002502663744273774,-0.04738136993259308,-0.1260431230834503,-0.009765613916404764
oil_vol_4w,0.4256476121862703,0.1555375092085313,-0.407959906654017,-0.10753866243288322,-0.2427755395677257,-0.1520420583323203,0.1629126970562546,-0.031035623842717398,-0.026693725826195235,0.004417439049051889,1.0,0.05469153959429856,0.23138416424728542,0.017329725997270364,0.3087994198577678
gas_vol_4w,-0.00821478173945966,-0.004656745636933259,-0.18544882976682547,0.10054269499572208,-0.12404835377102208,0.09819614376020998,0.006655483598285746,0.10991381262993938,0.05463938209549635,0.002502663744273774,0.05469153959429856,1.0,0.025875914966385357,-0.04056669527885357,-0.0829685438243128
copper_vol_4w,0.17143604330224219,0.020489800438608007,0.08875879791403943,0.2766161511751941,0.09642830200938084,0.1406846946750923,-0.019298629345488743,-0.007705636686018106,-0.08338615180565513,-0.04738136993259308,0.23138416424728542,0.025875914966385357,1.0,0.026937437605937056,0.3050942710551896
iron_vol_4w,-0.021901329498692383,-0.018869647492867358,-0.122753320167118,0.022356923806488065,-0.18697515946833146,-0.18452391373060348,-0.03327859854919604,-0.005515550624887047,0.03580767165721132,-0.1260431230834503,0.017329725997270364,-0.04056669527885357,0.026937437605937056,1.0,0.02189362532924112
usrec,0.3402904179844976,0.1025135373216081,-0.027613709237765318,0.21822827950887838,-0.20970461666949108,-0.04231826067861605,-0.05732262799518873,-0.038416057229364135,-0.06126558428265099,-0.009765613916404764,0.3087994198577678,-0.0829685438243128,0.3050942710551896,0.02189362532924112,1.0
