lag (weeks),oil,gas,copper,iron
0,-0.0822378512160355,-0.01601535566164773,-0.09713997851440363,0.002945118657931028
1,-0.0872621128559204,0.01546180760540046,-0.03931826095986936,0.007102670700887656
2,-0.02729843245028043,-0.010010226517516914,-0.012810067911374188,0.02475785057974802
3,-0.03243700869324422,-0.02761925589593103,-0.016760019053217255,0.010534816474676701
4,-0.0034157919166104005,0.007489124685322501,-0.001896548561106556,0.031413304290396904
5,-0.0006717370821568379,-0.002758142174895033,0.006189819187054595,0.03396702345228668
6,-0.01364724816090028,-0.0062627856260084516,-0.0009730667501562141,-0.13307890272028133
7,-0.01307586402264233,-0.0028796423445135257,-0.058268773193616764,-0.02939899565740332
8,-0.009270627877356066,-0.01377024653688817,-0.04729754600359245,0.001982114699780981
9,-0.01184066200869751,-0.008280404351694021,0.0017456305968304897,0.003893226872420733
10,-0.0034396989101748688,0.0035729958714106804,0.0013346031526685657,0.016954638734103033
11,-0.006521016781127972,0.0006977616960285253,-0.0152720641135493,0.009045082822002393
12,-0.0064731161604610595,-0.022970242447910665,0.007529454354769987,-0.0027004250081007933
13,-0.007969800199136047,-0.01004071571576777,0.016528106766100253,0.004990337037245478
14,-0.0017951218085490164,-0.009108627107412729,0.03823594290764644,0.036953808323460374
15,0.005823595144513682,-0.009747378809632992,-0.0055288741238088265,0.04806945592343861
16,-0.004018305501446812,-0.008568872872556359,0.003941093111824607,0.014740832774066492
